Workbook

Sheet Summary
A1: Inventory With More Than a Year of Supply
A2: Pulled from NetSuite 10/23/2026. Items that sold in the last 12 months but have more on hand than they sold all year. Value at average cost. Dead stock (no sales at all) is not in here.
A4: Items | B4: =COUNTA(Items!A2:A6476) -> 6475
A5: Value on hand | B5: =SUM(Items!F2:F6476) -> 908669.4
A6: Bought again in the last 12 months (last PO dated after 10/23/2025) | B6: =COUNTIFS(Items!K2:K6476,">="&DATE(2025,10,23)) -> 1798
A7: Value on hand of those | B7: =SUMIFS(Items!F2:F6476,Items!K2:K6476,">="&DATE(2025,10,23)) -> 303323.63
A9: By years of supply
A10: Years of supply | B10: Items | C10: Value on hand
A11: 1 to 2 | B11: =COUNTIFS(Items!H2:H6476,">="&1,Items!H2:H6476,"<"&2) -> 1147 | C11: =SUMIFS(Items!F2:F6476,Items!H2:H6476,">="&1,Items!H2:H6476,"<"&2) -> 166069.26
A12: 2 to 5 | B12: =COUNTIFS(Items!H2:H6476,">="&2,Items!H2:H6476,"<"&5) -> 1580 | C12: =SUMIFS(Items!F2:F6476,Items!H2:H6476,">="&2,Items!H2:H6476,"<"&5) -> 169742.8
A13: 5 to 10 | B13: =COUNTIFS(Items!H2:H6476,">="&5,Items!H2:H6476,"<"&10) -> 1126 | C13: =SUMIFS(Items!F2:F6476,Items!H2:H6476,">="&5,Items!H2:H6476,"<"&10) -> 145940.03
A14: 10+ | B14: =COUNTIFS(Items!H2:H6476,">="&10,Items!H2:H6476,"<"&1000000000) -> 2622 | C14: =SUMIFS(Items!F2:F6476,Items!H2:H6476,">="&10,Items!H2:H6476,"<"&1000000000) -> 426917.31
A16: By vendor on the last PO (top 15)
A17: Vendor | B17: Items | C17: Value on hand
A18: VN30 Freudenberg | B18: =COUNTIFS(Items!L2:L6476,"VN30 Freudenberg") -> 879 | C18: =SUMIFS(Items!F2:F6476,Items!L2:L6476,"VN30 Freudenberg") -> 195297.05
A19: VN82 Tuico Products Joint Stock Company | B19: =COUNTIFS(Items!L2:L6476,"VN82 Tuico Products Joint Stock Company") -> 796 | C19: =SUMIFS(Items!F2:F6476,Items!L2:L6476,"VN82 Tuico Products Joint Stock Company") -> 130827.29
A20: VN10 GE MAO RUBBER INDUSTRIAL CO., LTD . | B20: =COUNTIFS(Items!L2:L6476,"VN10 GE MAO RUBBER INDUSTRIAL CO., LTD .") -> 1039 | C20: =SUMIFS(Items!F2:F6476,Items!L2:L6476,"VN10 GE MAO RUBBER INDUSTRIAL CO., LTD .") -> 107366.91
A21: (no PO on file) | B21: =COUNTIFS(Items!L2:L6476,"") -> 1299 | C21: =SUMIFS(Items!F2:F6476,Items!L2:L6476,"") -> 105349.32
A22: VN01 Seal and Rubber Technologies | B22: =COUNTIFS(Items!L2:L6476,"VN01 Seal and Rubber Technologies") -> 663 | C22: =SUMIFS(Items!F2:F6476,Items!L2:L6476,"VN01 Seal and Rubber Technologies") -> 89621.79
A23: VN12 AnySeals, Inc | B23: =COUNTIFS(Items!L2:L6476,"VN12 AnySeals, Inc") -> 832 | C23: =SUMIFS(Items!F2:F6476,Items!L2:L6476,"VN12 AnySeals, Inc") -> 56755.22
A24: VN11 Best Ring Industrial Corporation | B24: =COUNTIFS(Items!L2:L6476,"VN11 Best Ring Industrial Corporation") -> 120 | C24: =SUMIFS(Items!F2:F6476,Items!L2:L6476,"VN11 Best Ring Industrial Corporation") -> 47287.05
A25: VN53 Ningbo Quantum Seal | B25: =COUNTIFS(Items!L2:L6476,"VN53 Ningbo Quantum Seal") -> 157 | C25: =SUMIFS(Items!F2:F6476,Items!L2:L6476,"VN53 Ningbo Quantum Seal") -> 22805.19
A26: VN772 Universal Polymer & Rubber, LTD. | B26: =COUNTIFS(Items!L2:L6476,"VN772 Universal Polymer & Rubber, LTD.") -> 12 | C26: =SUMIFS(Items!F2:F6476,Items!L2:L6476,"VN772 Universal Polymer & Rubber, LTD.") -> 22784.76
A27: VN67 Precix | B27: =COUNTIFS(Items!L2:L6476,"VN67 Precix") -> 75 | C27: =SUMIFS(Items!F2:F6476,Items!L2:L6476,"VN67 Precix") -> 20608.63
A28: VN29 Flambeau Products Corp | B28: =COUNTIFS(Items!L2:L6476,"VN29 Flambeau Products Corp") -> 9 | C28: =SUMIFS(Items!F2:F6476,Items!L2:L6476,"VN29 Flambeau Products Corp") -> 16071.46
A29: VN90 Xlong Seal Co | B29: =COUNTIFS(Items!L2:L6476,"VN90 Xlong Seal Co") -> 62 | C29: =SUMIFS(Items!F2:F6476,Items!L2:L6476,"VN90 Xlong Seal Co") -> 10724.03
A30: VN05 APG | B30: =COUNTIFS(Items!L2:L6476,"VN05 APG") -> 88 | C30: =SUMIFS(Items!F2:F6476,Items!L2:L6476,"VN05 APG") -> 10594.47
A31: VN24 Engineered Seals & Components LLC | B31: =COUNTIFS(Items!L2:L6476,"VN24 Engineered Seals & Components LLC") -> 56 | C31: =SUMIFS(Items!F2:F6476,Items!L2:L6476,"VN24 Engineered Seals & Components LLC") -> 7676.11
A32: VN07 Boyd Corporation | B32: =COUNTIFS(Items!L2:L6476,"VN07 Boyd Corporation") -> 28 | C32: =SUMIFS(Items!F2:F6476,Items!L2:L6476,"VN07 Boyd Corporation") -> 7649.08
A34: By class (top 15)
A35: Class | B35: Items | C35: Value on hand
A36: Metric MN70 | B36: =COUNTIFS(Items!C2:C6476,"Metric MN70") -> 1125 | C36: =SUMIFS(Items!F2:F6476,Items!C2:C6476,"Metric MN70") -> 91121.3
A37: AS568 B70 | B37: =COUNTIFS(Items!C2:C6476,"AS568 B70") -> 198 | C37: =SUMIFS(Items!F2:F6476,Items!C2:C6476,"AS568 B70") -> 58177.3
A38: AS568 V75 | B38: =COUNTIFS(Items!C2:C6476,"AS568 V75") -> 180 | C38: =SUMIFS(Items!F2:F6476,Items!C2:C6476,"AS568 V75") -> 46244.43
A39: Metric MV75 | B39: =COUNTIFS(Items!C2:C6476,"Metric MV75") -> 584 | C39: =SUMIFS(Items!F2:F6476,Items!C2:C6476,"Metric MV75") -> 44566.82
A40: AS568 A75 | B40: =COUNTIFS(Items!C2:C6476,"AS568 A75") -> 132 | C40: =SUMIFS(Items!F2:F6476,Items!C2:C6476,"AS568 A75") -> 31698.53
A41: AS568 S70 | B41: =COUNTIFS(Items!C2:C6476,"AS568 S70") -> 184 | C41: =SUMIFS(Items!F2:F6476,Items!C2:C6476,"AS568 S70") -> 25642.33
A42: AS568 E70-NSF | B42: =COUNTIFS(Items!C2:C6476,"AS568 E70-NSF") -> 119 | C42: =SUMIFS(Items!F2:F6476,Items!C2:C6476,"AS568 E70-NSF") -> 25247.09
A43: AS568 B90 | B43: =COUNTIFS(Items!C2:C6476,"AS568 B90") -> 213 | C43: =SUMIFS(Items!F2:F6476,Items!C2:C6476,"AS568 B90") -> 25082.1
A44: AS568 BV75 | B44: =COUNTIFS(Items!C2:C6476,"AS568 BV75") -> 143 | C44: =SUMIFS(Items!F2:F6476,Items!C2:C6476,"AS568 BV75") -> 24239.42
A45: AS568 E70 | B45: =COUNTIFS(Items!C2:C6476,"AS568 E70") -> 204 | C45: =SUMIFS(Items!F2:F6476,Items!C2:C6476,"AS568 E70") -> 21728.84
A46: Metric MS70 | B46: =COUNTIFS(Items!C2:C6476,"Metric MS70") -> 230 | C46: =SUMIFS(Items!F2:F6476,Items!C2:C6476,"Metric MS70") -> 21220.86
A47: AS568 UC90 | B47: =COUNTIFS(Items!C2:C6476,"AS568 UC90") -> 29 | C47: =SUMIFS(Items!F2:F6476,Items!C2:C6476,"AS568 UC90") -> 20053.57
A48: AS568 UC70 | B48: =COUNTIFS(Items!C2:C6476,"AS568 UC70") -> 50 | C48: =SUMIFS(Items!F2:F6476,Items!C2:C6476,"AS568 UC70") -> 19704.54
A49: AS568 FFKM-485 | B49: =COUNTIFS(Items!C2:C6476,"AS568 FFKM-485") -> 45 | C49: =SUMIFS(Items!F2:F6476,Items!C2:C6476,"AS568 FFKM-485") -> 18491.54
A50: AS568 V75-MS | B50: =COUNTIFS(Items!C2:C6476,"AS568 V75-MS") -> 78 | C50: =SUMIFS(Items!F2:F6476,Items!C2:C6476,"AS568 V75-MS") -> 18269.38

Sheet Items
A1: Item | B1: Description | C1: Class | D1: Qty on hand | E1: Unit cost | F1: Value on hand | G1: Sold last 12 mo (qty) | H1: Years of supply | I1: Last sold | J1: Last PO # | K1: PO date written | L1: PO vendor | M1: PO qty | N1: PO price each | O1: PO line total
A2: UC70011 | C2: AS568 UC70 | D2: 38372 | E2: 0.1475 | F2: =D2*E2 -> 5659.87 | G2: 2719 | H2: =IF(G2>0,D2/G2,"") -> 14.112541 | I2: 46316 | J2: 30570 | K2: 44292 | L2: VN30 Freudenberg | M2: 50000 | N2: 0.1475 | O2: =M2*N2 -> 7375
A3: FS70116 | C3: AS568 FS70 | D3: 27695 | E3: 0.20356274 | F3: =D3*E3 -> 5637.67 | G3: 14975 | H3: =IF(G3>0,D3/G3,"") -> 1.8494157 | I3: 46260 | J3: 34607 | K3: 46065 | L3: VN67 Precix | M3: 15000 | N3: 0 | O3: 2966.64
A4: B70010 | C4: AS568 B70 | D4: 1741405 | E4: 0.0031085933 | F4: =D4*E4 -> 5413.32 | G4: 1216904 | H4: =IF(G4>0,D4/G4,"") -> 1.4310126 | I4: 46315 | J4: 34938 | K4: 46227 | L4: VN30 Freudenberg | M4: 1500000 | N4: 0.0032 | O4: =M4*N4 -> 4800
A5: C166-36 36-Hole | C5: OSK™ Kits | D5: 473 | E5: 11.3 | F5: =D5*E5 -> 5344.9 | G5: 393 | H5: =IF(G5>0,D5/G5,"") -> 1.2035623 | I5: 46184 | J5: 34877 | K5: 46199 | L5: VN29 Flambeau Products Corp | M5: 504 | N5: 11.3 | O5: =M5*N5 -> 5695.2
A6: S70.375 | C6: Cord S70 | D6: 5088 | E6: 0.96229953 | F6: =D6*E6 -> 4896.18 | G6: 2801 | H6: =IF(G6>0,D6/G6,"") -> 1.8164941 | I6: 46316 | J6: 34945 | K6: 46231 | L6: VN772 Universal Polymer & Rubber, LTD. | M6: 5000 | N6: 0.964 | O6: =M6*N6 -> 4820
A7: S50.394 | C7: Cord S50 | D7: 5015 | E7: 0.96270189 | F7: =D7*E7 -> 4827.95 | G7: 616 | H7: =IF(G7>0,D7/G7,"") -> 8.1412338 | I7: 46177 | J7: 34582 | K7: 46057 | L7: VN772 Universal Polymer & Rubber, LTD. | M7: 5000 | N7: 0.964 | O7: =M7*N7 -> 4820
A8: N1.10X004 | C8: Metric MN70 | D8: 495674 | E8: 0.0093300637 | F8: =D8*E8 -> 4624.67 | G8: 624 | H8: =IF(G8>0,D8/G8,"") -> 794.34936 | I8: 46237 | J8: 30871 | K8: 44385 | L8: VN82 Tuico Products Joint Stock Company | M8: 623000 | N8: 0.00933 | O8: =M8*N8 -> 5812.59
A9: C200 18-Hole 8 X 4 Blue | C9: OSK™ Kits | D9: 889 | E9: 4.09 | F9: =D9*E9 -> 3636.01 | G9: 536 | H9: =IF(G9>0,D9/G9,"") -> 1.6585821 | I9: 46183 | J9: 34847 | K9: 46185 | L9: VN29 Flambeau Products Corp | M9: 1008 | N9: 4.09 | O9: =M9*N9 -> 4122.72
A10: QV-113 | C10: AS568 QV | D10: 38678 | E10: 0.093809659 | F10: =D10*E10 -> 3628.37 | G10: 25 | H10: =IF(G10>0,D10/G10,"") -> 1547.12 | I10: 46008 | J10: 32322 | K10: 44887 | L10: VN12 AnySeals, Inc | M10: 4150 | N10: 0.1885 | O10: =M10*N10 -> 782.275
A11: B70014 | C11: AS568 B70 | D11: 1146388 | E11: 0.0031517689 | F11: =D11*E11 -> 3613.15 | G11: 175853 | H11: =IF(G11>0,D11/G11,"") -> 6.519013 | I11: 46315 | J11: 33284 | K11: 45304 | L11: VN01 Seal and Rubber Technologies | M11: 400000 | N11: 0.0033 | O11: =M11*N11 -> 1320
A12: B90153 | C12: AS568 B90 | D12: 41871 | E12: 0.08 | F12: =D12*E12 -> 3349.68 | G12: 162 | H12: =IF(G12>0,D12/G12,"") -> 258.46296 | I12: 46231
A13: N70.500 | C13: Cord N70 | D13: 3495 | E13: 0.88475536 | F13: =D13*E13 -> 3092.22 | G13: 1662 | H13: =IF(G13>0,D13/G13,"") -> 2.1028881 | I13: 46310 | J13: 34019 | K13: 45688 | L13: VN772 Universal Polymer & Rubber, LTD. | M13: 5200 | N13: 0.885 | O13: =M13*N13 -> 4602
A14: E70036-NSF | C14: AS568 E70-NSF | D14: 65919 | E14: 0.044678772 | F14: =D14*E14 -> 2945.18 | G14: 65 | H14: =IF(G14>0,D14/G14,"") -> 1014.1385 | I14: 46317 | J14: 33335 | K14: 45325 | L14: VN82 Tuico Products Joint Stock Company | M14: 57125 | N14: 0.04442 | O14: =M14*N14 -> 2537.4925
A15: E70026-NSF | C15: AS568 E70-NSF | D15: 134649 | E15: 0.020536283 | F15: =D15*E15 -> 2765.19 | G15: 110080 | H15: =IF(G15>0,D15/G15,"") -> 1.2231922 | I15: 46304 | J15: 34589 | K15: 46055 | L15: VN10 GE MAO RUBBER INDUSTRIAL CO., LTD . | M15: 30000 | N15: 0.0294 | O15: =M15*N15 -> 882
A16: B90248 | C16: AS568 B90 | D16: 38499 | E16: 0.07 | F16: =D16*E16 -> 2694.93 | G16: 232 | H16: =IF(G16>0,D16/G16,"") -> 165.94397 | I16: 46297
A17: B70015 | C17: AS568 B70 | D17: 1068341 | E17: 0.0024530557 | F17: =D17*E17 -> 2620.7 | G17: 154105 | H17: =IF(G17>0,D17/G17,"") -> 6.9325525 | I17: 46314 | J17: 32477 | K17: 44957 | L17: VN82 Tuico Products Joint Stock Company | M17: 1000000 | N17: 0.00276 | O17: =M17*N17 -> 2760
A18: ACCUTEK-A-11275 | C18: Special Order | D18: 1998 | E18: 1.2 | F18: =D18*E18 -> 2397.6 | G18: 1002 | H18: =IF(G18>0,D18/G18,"") -> 1.994012 | I18: 46283 | J18: 33594 | K18: 45435 | L18: VN53 Ningbo Quantum Seal | M18: 4000 | N18: 1.2 | O18: =M18*N18 -> 4800
A19: V75012 | C19: AS568 V75 | D19: 156897 | E19: 0.014581095 | F19: =D19*E19 -> 2287.73 | G19: 26638 | H19: =IF(G19>0,D19/G19,"") -> 5.8899692 | I19: 46317 | J19: 31446 | K19: 44600 | L19: VN07 Boyd Corporation | M19: 188899 | N19: 0.0168 | O19: 3169.8408
A20: CV75013 | C20: AS568 CV75 | D20: 7804 | E20: 0.28389928 | F20: =D20*E20 -> 2215.55 | G20: 7588 | H20: =IF(G20>0,D20/G20,"") -> 1.028466 | I20: 46310 | J20: 34400 | K20: 45937 | L20: VN67 Precix | M20: 908 | N20: 0.3194 | O20: =M20*N20 -> 290.0152
A21: UC90006 | C21: AS568 UC90 | D21: 19244 | E21: 0.1145001 | F21: =D21*E21 -> 2203.44 | G21: 1747 | H21: =IF(G21>0,D21/G21,"") -> 11.015455 | I21: 46308 | J21: 30792 | K21: 44363 | L21: VN70 Real Seal Co Inc | M21: 25000 | N21: 0.0795 | O21: =M21*N21 -> 1987.5
A22: S70155 | C22: AS568 S70 | D22: 18159 | E22: 0.11963985 | F22: =D22*E22 -> 2172.54 | G22: 203 | H22: =IF(G22>0,D22/G22,"") -> 89.453202 | I22: 46163 | J22: 32099 | K22: 44811 | L22: VN82 Tuico Products Joint Stock Company | M22: 29465 | N22: 0.11964 | O22: =M22*N22 -> 3525.1926
A23: K382-BOX | D23: 602 | E23: 3.6 | F23: =D23*E23 -> 2167.2 | G23: 313 | H23: =IF(G23>0,D23/G23,"") -> 1.9233227 | I23: 46181 | J23: 35005 | K23: 46253 | L23: VN11 Best Ring Industrial Corporation | M23: 1000 | N23: 5 | O23: =M23*N23 -> 5000
A24: UC90908 | C24: AS568 UC90 | D24: 6116 | E24: 0.34756704 | F24: =D24*E24 -> 2125.72 | G24: 1799 | H24: =IF(G24>0,D24/G24,"") -> 3.3996665 | I24: 46190 | J24: 34744 | K24: 46134 | L24: VN30 Freudenberg | M24: 5000 | N24: 0.3445 | O24: =M24*N24 -> 1722.5
A25: FFKM-005-SZ485 | C25: AS568 FFKM-485 | D25: 498 | E25: 4.1606827 | F25: =D25*E25 -> 2072.02 | G25: 1 | H25: =IF(G25>0,D25/G25,"") -> 498 | I25: 46212 | J25: 32965 | K25: 45138 | L25: VN30 Freudenberg | M25: 507 | N25: 0 | O25: 2110
A26: V75018 | C26: AS568 V75 | D26: 72900 | E26: 0.028269959 | F26: =D26*E26 -> 2060.88 | G26: 48160 | H26: =IF(G26>0,D26/G26,"") -> 1.5137043 | I26: 46314 | J26: 34925 | K26: 46224 | L26: VN01 Seal and Rubber Technologies | M26: 78855 | N26: 0.0283 | O26: =M26*N26 -> 2231.5965
A27: S70016 | C27: AS568 S70 | D27: 368374 | E27: 0.0054827431 | F27: =D27*E27 -> 2019.7 | G27: 6961 | H27: =IF(G27>0,D27/G27,"") -> 52.919695 | I27: 46304 | J27: 30577 | K27: 44294 | L27: VN12 AnySeals, Inc | M27: 364648 | N27: 0.0056 | O27: =M27*N27 -> 2042.0288
A28: QR-106 | C28: AS568 QR | D28: 106401 | E28: 0.018800293 | F28: =D28*E28 -> 2000.37 | G28: 93 | H28: =IF(G28>0,D28/G28,"") -> 1144.0968 | I28: 46099
A29: E70.394 | C29: Cord E70 | D29: 4847 | E29: 0.40700021 | F29: =D29*E29 -> 1972.73 | G29: 251 | H29: =IF(G29>0,D29/G29,"") -> 19.310757 | I29: 46156 | J29: 34436 | K29: 45959 | L29: VN772 Universal Polymer & Rubber, LTD. | M29: 5000 | N29: 0.407 | O29: =M29*N29 -> 2035
A30: V75017 | C30: AS568 V75 | D30: 64677 | E30: 0.029757719 | F30: =D30*E30 -> 1924.64 | G30: 18444 | H30: =IF(G30>0,D30/G30,"") -> 3.5066688 | I30: 46317 | J30: 32361 | K30: 44914 | L30: VN30 Freudenberg | M30: 70169 | N30: 0.014 | O30: =M30*N30 -> 982.366
A31: S70.275-VN772 | C31: Cord S70 | D31: 3000 | E31: 0.612 | F31: =D31*E31 -> 1836 | G31: 3000 | H31: =IF(G31>0,D31/G31,"") -> 1 | I31: 46294 | J31: 34855 | K31: 46188 | L31: VN772 Universal Polymer & Rubber, LTD. | M31: 6000 | N31: 0.612 | O31: =M31*N31 -> 3672
A32: UC90916 | C32: AS568 UC90 | D32: 2972 | E32: 0.60459287 | F32: =D32*E32 -> 1796.85 | G32: 1151 | H32: =IF(G32>0,D32/G32,"") -> 2.5821025 | I32: 46300 | J32: 34744 | K32: 46134 | L32: VN30 Freudenberg | M32: 2500 | N32: 0.5816 | O32: =M32*N32 -> 1454
A33: SN70.275 | C33: Cord SN70 | D33: 4065 | E33: 0.43499877 | F33: =D33*E33 -> 1768.27 | G33: 525 | H33: =IF(G33>0,D33/G33,"") -> 7.7428571 | I33: 46288 | J33: 34130 | K33: 45763 | L33: VN772 Universal Polymer & Rubber, LTD. | M33: 5000 | N33: 0.435 | O33: =M33*N33 -> 2175
A34: B70113 | C34: AS568 B70 | D34: 255733 | E34: 0.0068860491 | F34: =D34*E34 -> 1760.99 | G34: 46520 | H34: =IF(G34>0,D34/G34,"") -> 5.49727 | I34: 46316 | J34: 31834 | K34: 44719 | L34: VN82 Tuico Products Joint Stock Company | M34: 38571 | N34: 0.00444 | O34: =M34*N34 -> 171.25524
A35: FFKM-007-SZ485 | C35: AS568 FFKM-485 | D35: 487 | E35: 3.5987064 | F35: =D35*E35 -> 1752.57 | G35: 108 | H35: =IF(G35>0,D35/G35,"") -> 4.5092593 | I35: 46315 | J35: 33611 | K35: 45447 | L35: VN30 Freudenberg | M35: 260 | N35: 3.9665 | O35: =M35*N35 -> 1031.29
A36: BV75331 | C36: AS568 BV75 | D36: 2750 | E36: 0.63313455 | F36: =D36*E36 -> 1741.12 | G36: 527 | H36: =IF(G36>0,D36/G36,"") -> 5.2182163 | I36: 46142 | J36: 33302 | K36: 45316 | L36: VN01 Seal and Rubber Technologies | M36: 1200 | N36: 0.6491 | O36: =M36*N36 -> 778.92
A37: N1.00X002.5 | C37: Metric MN70 | D37: 314992 | E37: 0.0054001054 | F37: =D37*E37 -> 1700.99 | G37: 9525 | H37: =IF(G37>0,D37/G37,"") -> 33.070026 | I37: 46316 | J37: 32335 | K37: 44902 | L37: VN12 AnySeals, Inc | M37: 492716 | N37: 0.0054 | O37: =M37*N37 -> 2660.6664
A38: C203 6-Hole 8 X 4 | D38: 403 | E38: 4.15 | F38: =D38*E38 -> 1672.45 | G38: 58 | H38: =IF(G38>0,D38/G38,"") -> 6.9482759 | I38: 46175 | J38: 34593 | K38: 46062 | L38: VN29 Flambeau Products Corp | M38: 504 | N38: 4.15 | O38: =M38*N38 -> 2091.6
A39: V75003 | C39: AS568 V75 | D39: 276313 | E39: 0.0060300456 | F39: =D39*E39 -> 1666.18 | G39: 1110 | H39: =IF(G39>0,D39/G39,"") -> 248.93063 | I39: 46283 | J39: 30674 | K39: 44323 | L39: VN10 GE MAO RUBBER INDUSTRIAL CO., LTD . | M39: 143173 | N39: 0.0065 | O39: =M39*N39 -> 930.6245
A40: N38.00X1116.59-CM | C40: Continuously Molded | D40: 5 | E40: 333.12 | F40: =D40*E40 -> 1665.6 | G40: 5 | H40: =IF(G40>0,D40/G40,"") -> 1 | I40: 46196 | J40: 34685 | K40: 46105 | L40: VN72 Sealcore Operations, LLC | M40: 5 | N40: 333.12 | O40: =M40*N40 -> 1665.6
A41: BV75340 | C41: AS568 BV75 | D41: 2375 | E41: 0.69158316 | F41: =D41*E41 -> 1642.51 | G41: 29 | H41: =IF(G41>0,D41/G41,"") -> 81.896552 | I41: 46178 | J41: 32005 | K41: 44777 | L41: VN11 Best Ring Industrial Corporation | M41: 700 | N41: 0.7356114 | O41: =M41*N41 -> 514.92798
A42: B70110 | C42: AS568 B70 | D42: 351675 | E42: 0.0046220232 | F42: =D42*E42 -> 1625.45 | G42: 94616 | H42: =IF(G42>0,D42/G42,"") -> 3.7168661 | I42: 46316 | J42: 35011 | K42: 46259 | L42: VN30 Freudenberg | M42: 243000 | N42: 0.0046 | O42: =M42*N42 -> 1117.8
A43: UC90162 | C43: AS568 UC90 | D43: 190 | E43: 8.3524737 | F43: =D43*E43 -> 1586.97 | G43: 10 | H43: =IF(G43>0,D43/G43,"") -> 19 | I43: 46260 | J43: 32580 | K43: 45006 | L43: VN30 Freudenberg | M43: 300 | N43: 8.3525 | O43: =M43*N43 -> 2505.75
A44: N70.210 | C44: Cord N70 | D44: 6794 | E44: 0.22954813 | F44: =D44*E44 -> 1559.55 | G44: 5051 | H44: =IF(G44>0,D44/G44,"") -> 1.3450802 | I44: 46274 | J44: 35030 | K44: 46268 | L44: VN32 Global O-Ring And Seal, LLC | M44: 1000 | N44: 0.36 | O44: =M44*N44 -> 360
A45: UC90910 | C45: AS568 UC90 | D45: 2924 | E45: 0.53113885 | F45: =D45*E45 -> 1553.05 | G45: 575 | H45: =IF(G45>0,D45/G45,"") -> 5.0852174 | I45: 46185 | J45: 34744 | K45: 46134 | L45: VN30 Freudenberg | M45: 2500 | N45: 0.5179 | O45: =M45*N45 -> 1294.75
A46: N6.99X285.1 | C46: Metric MN70 | D46: 949 | E46: 1.5960063 | F46: =D46*E46 -> 1514.61 | G46: 10 | H46: =IF(G46>0,D46/G46,"") -> 94.9 | I46: 46009 | J46: 31910 | K46: 44743 | L46: VN90 Xlong Seal Co | M46: 1000 | N46: 1.596 | O46: =M46*N46 -> 1596
A47: FN-LUBE-PLUS-2OZ | C47: Lube | D47: 188 | E47: 7.99 | F47: =D47*E47 -> 1502.12 | G47: 102 | H47: =IF(G47>0,D47/G47,"") -> 1.8431373 | I47: 46308 | J47: 34921 | K47: 46219 | L47: VN30 Freudenberg | M47: 100 | N47: 7.99 | O47: =M47*N47 -> 799
A48: E70017-NSF | C48: AS568 E70-NSF | D48: 129790 | E48: 0.011363048 | F48: =D48*E48 -> 1474.81 | G48: 100838 | H48: =IF(G48>0,D48/G48,"") -> 1.287114 | I48: 46274 | J48: 34449 | K48: 45967 | L48: VN82 Tuico Products Joint Stock Company | M48: 102100 | N48: 0.0114 | O48: =M48*N48 -> 1163.94
A49: C201 12-Hole 8 X 4 Blue | C49: OSK™ Kits | D49: 355 | E49: 4.15 | F49: =D49*E49 -> 1473.25 | G49: 70 | H49: =IF(G49>0,D49/G49,"") -> 5.0714286 | I49: 46175 | J49: 34106 | K49: 45750 | L49: VN29 Flambeau Products Corp | M49: 504 | N49: 4.15 | O49: =M49*N49 -> 2091.6
A50: 25X32X4TC | C50: Oil Seals Metric Type TC | D50: 2604 | E50: 0.56420123 | F50: =D50*E50 -> 1469.18 | G50: 202 | H50: =IF(G50>0,D50/G50,"") -> 12.891089 | I50: 46218 | J50: 31931 | K50: 44750 | L50: VN30 Freudenberg | M50: 5000 | N50: 0.5642 | O50: =M50*N50 -> 2821
... A59: A75113 | C59: AS568 A75 | D59: 8367 | E59: 0.15724035 | F59: =D59*E59 -> 1315.63 | G59: 45 | H59: =IF(G59>0,D59/G59,"") -> 185.93333 | I59: 46252 | J59: 33671 | K59: 45468 | L59: VN11 Best Ring Industrial Corporation | M59: 4000 | N59: 0.098 | O59: =M59*N59 -> 392
A60: S50.197 | C60: Cord S50 | D60: 4660 | E60: 0.28 | F60: =D60*E60 -> 1304.8 | G60: 210 | H60: =IF(G60>0,D60/G60,"") -> 22.190476 | I60: 46248
A61: UC90904 | C61: AS568 UC90 | D61: 6043 | E61: 0.21477246 | F61: =D61*E61 -> 1297.87 | G61: 1774 | H61: =IF(G61>0,D61/G61,"") -> 3.4064262 | I61: 46190 | J61: 34744 | K61: 46134 | L61: VN30 Freudenberg | M61: 5000 | N61: 0.2166 | O61: 1071.96
A62: N70.063 | C62: Cord N70 | D62: 26292 | E62: 0.049218393 | F62: =D62*E62 -> 1294.05 | G62: 518 | H62: =IF(G62>0,D62/G62,"") -> 50.756757 | I62: 46274 | J62: 32944 | K62: 45124 | L62: VN12 AnySeals, Inc | M62: 19685 | N62: 0.035084 | O62: 690.64633
A63: FFKM-224-SZ485 | C63: AS568 FFKM-485 | D63: 63 | E63: 20.525079 | F63: =D63*E63 -> 1293.08 | G63: 7 | H63: =IF(G63>0,D63/G63,"") -> 9 | I63: 46135 | J63: 33303 | K63: 45315 | L63: VN30 Freudenberg | M63: 53 | N63: 20.4062 | O63: =M63*N63 -> 1081.5286
A64: C219 12-Hole 6X3 Blue | C64: OSK™ Kits | D64: 411 | E64: 3.1 | F64: =D64*E64 -> 1274.1 | G64: 36 | H64: =IF(G64>0,D64/G64,"") -> 11.416667 | I64: 46185 | J64: 34106 | K64: 45750 | L64: VN29 Flambeau Products Corp | M64: 504 | N64: 3.1 | O64: =M64*N64 -> 1562.4
A65: V75119 | C65: AS568 V75 | D65: 21698 | E65: 0.057800258 | F65: =D65*E65 -> 1254.15 | G65: 13321 | H65: =IF(G65>0,D65/G65,"") -> 1.6288567 | I65: 46314 | J65: 35019 | K65: 46265 | L65: VN01 Seal and Rubber Technologies | M65: 22645 | N65: 0.0578 | O65: =M65*N65 -> 1308.881
A66: B70115 | C66: AS568 B70 | D66: 183813 | E66: 0.006819485 | F66: =D66*E66 -> 1253.51 | G66: 37310 | H66: =IF(G66>0,D66/G66,"") -> 4.9266417 | I66: 46316 | J66: 30752 | K66: 44348 | L66: VN82 Tuico Products Joint Stock Company | M66: 39619 | N66: 0.00534 | O66: =M66*N66 -> 211.56546
A67: OLYPSYS-OTMBPV | C67: Olypsys | D67: 1 | E67: 1250 | F67: =D67*E67 -> 1250 | G67: 1 | H67: =IF(G67>0,D67/G67,"") -> 1 | I67: 46226 | J67: 33260 | K67: 45287 | L67: VN295 Olypsys | M67: 1 | N67: 1250 | O67: =M67*N67 -> 1250
A68: FFKM-030-SZ485 | C68: AS568 FFKM-485 | D68: 127 | E68: 9.5954331 | F68: =D68*E68 -> 1218.62 | G68: 17 | H68: =IF(G68>0,D68/G68,"") -> 7.4705882 | I68: 46314 | J68: 34648 | K68: 46087 | L68: VN30 Freudenberg | M68: 50 | N68: 9.2912 | O68: =M68*N68 -> 464.56
A69: QV-006 | C69: AS568 QV | D69: 27418 | E69: 0.04429973 | F69: =D69*E69 -> 1214.61 | G69: 50 | H69: =IF(G69>0,D69/G69,"") -> 548.36 | I69: 46240
A70: B70210 | C70: AS568 B70 | D70: 102238 | E70: 0.011677361 | F70: =D70*E70 -> 1193.87 | G70: 16490 | H70: =IF(G70>0,D70/G70,"") -> 6.2 | I70: 46315 | J70: 32167 | K70: 44824 | L70: VN11 Best Ring Industrial Corporation | M70: 30000 | N70: 0.01069 | O70: =M70*N70 -> 320.7
A71: B90117 | C71: AS568 B90 | D71: 132475 | E71: 0.008990753 | F71: =D71*E71 -> 1191.05 | G71: 1780 | H71: =IF(G71>0,D71/G71,"") -> 74.424157 | I71: 46317 | J71: 31834 | K71: 44719 | L71: VN82 Tuico Products Joint Stock Company | M71: 143584 | N71: 0.00899 | O71: =M71*N71 -> 1290.8202
A72: UC90912 | C72: AS568 UC90 | D72: 2271 | E72: 0.5215764 | F72: =D72*E72 -> 1184.5 | G72: 955 | H72: =IF(G72>0,D72/G72,"") -> 2.3780105 | I72: 46185 | J72: 34744 | K72: 46134 | L72: VN30 Freudenberg | M72: 2500 | N72: 0.5179 | O72: =M72*N72 -> 1294.75
A73: B90010 | C73: AS568 B90 | D73: 434730 | E73: 0.0026589147 | F73: =D73*E73 -> 1155.91 | G73: 18412 | H73: =IF(G73>0,D73/G73,"") -> 23.611232 | I73: 46315 | J73: 32094 | K73: 44810 | L73: VN30 Freudenberg | M73: 15049 | N73: 0.0047 | O73: 70.5
A74: B70118 | C74: AS568 B70 | D74: 138444 | E74: 0.0082613909 | F74: =D74*E74 -> 1143.74 | G74: 59143 | H74: =IF(G74>0,D74/G74,"") -> 2.3408349 | I74: 46314 | J74: 32066 | K74: 44789 | L74: VN82 Tuico Products Joint Stock Company | M74: 40943 | N74: 0.00823 | O74: =M74*N74 -> 336.96089
A75: UC70122 | C75: AS568 UC70 | D75: 2662 | E75: 0.42832457 | F75: =D75*E75 -> 1140.2 | G75: 1125 | H75: =IF(G75>0,D75/G75,"") -> 2.3662222 | I75: 46212
A76: S4.00X049.5 | C76: Metric MS70 | D76: 4527 | E76: 0.24489066 | F76: =D76*E76 -> 1108.62 | G76: 400 | H76: =IF(G76>0,D76/G76,"") -> 11.3175 | I76: 45957 | J76: 31891 | K76: 44735 | L76: VN90 Xlong Seal Co | M76: 5002 | N76: 0 | O76: 1225
A77: B70006 | C77: AS568 B70 | D77: 369305 | E77: 0.0029999865 | F77: =D77*E77 -> 1107.91 | G77: 360775 | H77: =IF(G77>0,D77/G77,"") -> 1.0236435 | I77: 46314 | J77: 35008 | K77: 46259 | L77: VN01 Seal and Rubber Technologies | M77: 329000 | N77: 0.003 | O77: =M77*N77 -> 987
A78: B70004 | C78: AS568 B70 | D78: 395572 | E78: 0.0027874066 | F78: =D78*E78 -> 1102.62 | G78: 62393 | H78: =IF(G78>0,D78/G78,"") -> 6.3400061 | I78: 46314 | J78: 32200 | K78: 44845 | L78: VN07 Boyd Corporation | M78: 119762 | N78: 0.0037 | O78: =M78*N78 -> 443.1194
A79: A75127 | C79: AS568 A75 | D79: 2281 | E79: 0.48147304 | F79: =D79*E79 -> 1098.24 | G79: 4 | H79: =IF(G79>0,D79/G79,"") -> 570.25 | I79: 46042 | J79: 33963 | K79: 45642 | L79: VN82 Tuico Products Joint Stock Company | M79: 1960 | N79: 0.51529 | O79: =M79*N79 -> 1009.9684
A80: CC.103 | C80: Cord CC | D80: 10606 | E80: 0.10302847 | F80: =D80*E80 -> 1092.72 | G80: 70 | H80: =IF(G80>0,D80/G80,"") -> 151.51429 | I80: 46304 | J80: 34052 | K80: 45707 | L80: VN03 Allied Seals, Inc. | M80: 5000 | N80: 0.12 | O80: =M80*N80 -> 600
A81: FFKM-017-SZ498 | C81: AS568 FFKM-498 | D81: 125 | E81: 8.69352 | F81: =D81*E81 -> 1086.69 | G81: 1 | H81: =IF(G81>0,D81/G81,"") -> 125 | I81: 45994 | J81: 32337 | K81: 44903 | L81: VN30 Freudenberg | M81: 502 | N81: 8.8349 | O81: 4417.45
A82: QV-234 | C82: AS568 QV | D82: 146 | E82: 7.4306849 | F82: =D82*E82 -> 1084.88 | G82: 5 | H82: =IF(G82>0,D82/G82,"") -> 29.2 | I82: 46104 | J82: 31964 | K82: 44763 | L82: VN82 Tuico Products Joint Stock Company | M82: 153 | N82: 0 | O82: 1137.975
A83: V75009 | C83: AS568 V75 | D83: 117577 | E83: 0.0090673346 | F83: =D83*E83 -> 1066.11 | G83: 10236 | H83: =IF(G83>0,D83/G83,"") -> 11.486616 | I83: 46317 | J83: 35169 | K83: 46303 | L83: VN01 Seal and Rubber Technologies | M83: 7920 | N83: 0.01 | O83: =M83*N83 -> 79.2
A84: UC70117 | C84: AS568 UC70 | D84: 843 | E84: 1.2534045 | F84: =D84*E84 -> 1056.62 | G84: 8 | H84: =IF(G84>0,D84/G84,"") -> 105.375 | I84: 46048
A85: A75211 | C85: AS568 A75 | D85: 2849 | E85: 0.37076869 | F85: =D85*E85 -> 1056.32 | G85: 30 | H85: =IF(G85>0,D85/G85,"") -> 94.966667 | I85: 46251 | J85: 33671 | K85: 45468 | L85: VN11 Best Ring Industrial Corporation | M85: 1500 | N85: 0.237 | O85: =M85*N85 -> 355.5
A86: BV75215 | C86: AS568 BV75 | D86: 8213 | E86: 0.12832582 | F86: =D86*E86 -> 1053.94 | G86: 466 | H86: =IF(G86>0,D86/G86,"") -> 17.624464 | I86: 46276 | J86: 31855 | K86: 44726 | L86: VN82 Tuico Products Joint Stock Company | M86: 3350 | N86: 0.09914 | O86: 318.604
A87: E70015 | C87: AS568 E70 | D87: 217084 | E87: 0.0048498738 | F87: =D87*E87 -> 1052.83 | G87: 24038 | H87: =IF(G87>0,D87/G87,"") -> 9.0308678 | I87: 46300 | J87: 31760 | K87: 44694 | L87: VN01 Seal and Rubber Technologies | M87: 50600 | N87: 0.0061 | O87: =M87*N87 -> 308.66
A88: V3.00X058 | C88: Metric MV75 | D88: 6423 | E88: 0.16390316 | F88: =D88*E88 -> 1052.75 | G88: 127 | H88: =IF(G88>0,D88/G88,"") -> 50.574803 | I88: 46097 | J88: 34025 | K88: 45689 | L88: VN82 Tuico Products Joint Stock Company | M88: 3500 | N88: 0.14542 | O88: =M88*N88 -> 508.97
A89: V75015 | C89: AS568 V75 | D89: 56675 | E89: 0.018510278 | F89: =D89*E89 -> 1049.07 | G89: 44558 | H89: =IF(G89>0,D89/G89,"") -> 1.2719377 | I89: 46317 | J89: 35018 | K89: 46265 | L89: VN30 Freudenberg | M89: 56885 | N89: 0.0184 | O89: =M89*N89 -> 1046.684
A90: CV75213 | C90: AS568 CV75 | D90: 359 | E90: 2.8889972 | F90: =D90*E90 -> 1037.15 | G90: 2 | H90: =IF(G90>0,D90/G90,"") -> 179.5 | I90: 46202
A91: S50259-BLK | C91: Special Order | D91: 2615 | E91: 0.39620268 | F91: =D91*E91 -> 1036.07 | G91: 1000 | H91: =IF(G91>0,D91/G91,"") -> 2.615 | I91: 46048 | J91: 34710 | K91: 46121 | L91: VN82 Tuico Products Joint Stock Company | M91: 1350 | N91: 0.47229 | O91: =M91*N91 -> 637.5915
A92: FFKM-151-SZ498 | C92: AS568 FFKM-498 | D92: 23 | E92: 45.01087 | F92: =D92*E92 -> 1035.25 | G92: 10 | H92: =IF(G92>0,D92/G92,"") -> 2.3 | I92: 46064 | J92: 34572 | K92: 46051 | L92: VN30 Freudenberg | M92: 33 | N92: 45.0109 | O92: =M92*N92 -> 1485.3597
A93: B70264 | C93: AS568 B70 | D93: 5987 | E93: 0.17027226 | F93: =D93*E93 -> 1019.42 | G93: 234 | H93: =IF(G93>0,D93/G93,"") -> 25.58547 | I93: 46261 | J93: 32360 | K93: 44914 | L93: VN12 AnySeals, Inc | M93: 1000 | N93: 0.156 | O93: =M93*N93 -> 156
A94: B70206 | C94: AS568 B70 | D94: 153716 | E94: 0.0065500013 | F94: =D94*E94 -> 1006.84 | G94: 21280 | H94: =IF(G94>0,D94/G94,"") -> 7.2234962 | I94: 46314 | J94: 30653 | K94: 44314 | L94: VN82 Tuico Products Joint Stock Company | M94: 250870 | N94: 0.00655 | O94: =M94*N94 -> 1643.1985
A95: N70.236 | C95: Cord N70 | D95: 3070 | E95: 0.32776873 | F95: =D95*E95 -> 1006.25 | G95: 749 | H95: =IF(G95>0,D95/G95,"") -> 4.0987984 | I95: 46304 | J95: 34019 | K95: 45688 | L95: VN772 Universal Polymer & Rubber, LTD. | M95: 5000 | N95: 0.326 | O95: =M95*N95 -> 1630
A96: V75133 | C96: AS568 V75 | D96: 5443 | E96: 0.18420173 | F96: =D96*E96 -> 1002.61 | G96: 1139 | H96: =IF(G96>0,D96/G96,"") -> 4.7787533 | I96: 46283 | J96: 32005 | K96: 44777 | L96: VN11 Best Ring Industrial Corporation | M96: 2100 | N96: 0.1346547 | O96: =M96*N96 -> 282.77487
A97: FFKM-135-SZ485 | C97: AS568 FFKM-485 | D97: 55 | E97: 17.817818 | F97: =D97*E97 -> 979.98 | G97: 4 | H97: =IF(G97>0,D97/G97,"") -> 13.75 | I97: 46007 | J97: 31373 | K97: 44565 | L97: VN30 Freudenberg | M97: 45 | N97: 14.4885 | O97: =M97*N97 -> 651.9825
A98: V75.103 | C98: Cord V75 | D98: 2689 | E98: 0.36320193 | F98: =D98*E98 -> 976.65 | G98: 2089 | H98: =IF(G98>0,D98/G98,"") -> 1.2872188 | I98: 46302 | J98: 33422 | K98: 45358 | L98: VN22 Eagle Elastomer | M98: 2606 | N98: 0.33 | O98: =M98*N98 -> 859.98
A99: V75465 | C99: AS568 V75 | D99: 117 | E99: 8.2152137 | F99: =D99*E99 -> 961.18 | G99: 3 | H99: =IF(G99>0,D99/G99,"") -> 39 | I99: 46022 | J99: 33087 | K99: 45196 | L99: VN01 Seal and Rubber Technologies | M99: 40 | N99: 9.2546 | O99: =M99*N99 -> 370.184
A100: V75019-MS | C100: AS568 V75-MS | D100: 3957 | E100: 0.24219864 | F100: =D100*E100 -> 958.38 | G100: 1031 | H100: =IF(G100>0,D100/G100,"") -> 3.8380213 | I100: 46178 | J100: 34580 | K100: 46055 | L100: VN30 Freudenberg | M100: 4988 | N100: 0.2422 | O100: =M100*N100 -> 1208.0936
A101: E70218 | C101: AS568 E70 | D101: 25932 | E101: 0.036569875 | F101: =D101*E101 -> 948.33 | G101: 3533 | H101: =IF(G101>0,D101/G101,"") -> 7.3399377 | I101: 46244 | J101: 34655 | K101: 46094 | L101: VN01 Seal and Rubber Technologies | M101: 30000 | N101: 0.0367 | O101: =M101*N101 -> 1101
A102: FFKM-228-SZ485 | C102: AS568 FFKM-485 | D102: 37 | E102: 25.186216 | F102: =D102*E102 -> 931.89 | G102: 4 | H102: =IF(G102>0,D102/G102,"") -> 9.25 | I102: 46090 | J102: 33303 | K102: 45315 | L102: VN30 Freudenberg | M102: 50 | N102: 25.2078 | O102: =M102*N102 -> 1260.39
... A112: V75135-MS | C112: AS568 V75-MS | D112: 1310 | E112: 0.66151908 | F112: =D112*E112 -> 866.59 | G112: 1054 | H112: =IF(G112>0,D112/G112,"") -> 1.2428843 | I112: 46255 | J112: 35071 | K112: 46287 | L112: VN30 Freudenberg | M112: 610 | N112: 0.6586 | O112: =M112*N112 -> 401.746
A113: B50003 | C113: AS568 B50 | D113: 184156 | E113: 0.0046999826 | F113: =D113*E113 -> 865.53 | G113: 2925 | H113: =IF(G113>0,D113/G113,"") -> 62.959316 | I113: 46304
A114: N3.00X082 | C114: Metric MN70 | D114: 990 | E114: 0.86789899 | F114: =D114*E114 -> 859.22 | G114: 10 | H114: =IF(G114>0,D114/G114,"") -> 99 | I114: 46265 | J114: 34371 | K114: 45922 | L114: VN10 GE MAO RUBBER INDUSTRIAL CO., LTD . | M114: 1000 | N114: 0.8679 | O114: =M114*N114 -> 867.9
A115: N70.250 | C115: Cord N70 | D115: 2436 | E115: 0.34974548 | F115: =D115*E115 -> 851.98 | G115: 2357 | H115: =IF(G115>0,D115/G115,"") -> 1.0335172 | I115: 46310 | J115: 34358 | K115: 45917 | L115: VN772 Universal Polymer & Rubber, LTD. | M115: 5000 | N115: 0.35 | O115: =M115*N115 -> 1750
A116: A75228 | C116: AS568 A75 | D116: 1274 | E116: 0.66101256 | F116: =D116*E116 -> 842.13 | G116: 99 | H116: =IF(G116>0,D116/G116,"") -> 12.868687 | I116: 46160 | J116: 33695 | K116: 45478 | L116: VN11 Best Ring Industrial Corporation | M116: 1500 | N116: 0.661 | O116: =M116*N116 -> 991.5
A117: S50.210 | C117: Cord S50 | D117: 1862 | E117: 0.4496348 | F117: =D117*E117 -> 837.22 | G117: 500 | H117: =IF(G117>0,D117/G117,"") -> 3.724 | I117: 46129 | J117: 34582 | K117: 46057 | L117: VN772 Universal Polymer & Rubber, LTD. | M117: 5000 | N117: 0.423 | O117: =M117*N117 -> 2115
...
